Title,Slug,Language,Status,Timestamp,Tags
Time Based Key-Value Store,time-based-key-value-store,python3,10,1752668727,"Hash Table,String,Binary Search,Design"
Find Minimum in Rotated Sorted Array,find-minimum-in-rotated-sorted-array,python3,10,1752573756,"Array,Binary Search"
Koko Eating Bananas,koko-eating-bananas,python3,10,1752568821,"Array,Binary Search"
Two Sum,two-sum,python3,10,1752514900,"Array,Hash Table"
Sliding Window Maximum,sliding-window-maximum,python3,10,1752427110,"Array,Queue,Sliding Window,Heap (Priority Queue),Monotonic Queue"
Minimum Window Substring,minimum-window-substring,python3,10,1752425051,"Hash Table,String,Sliding Window"
Permutation in String,permutation-in-string,python3,10,1752421052,"Hash Table,Two Pointers,String,Sliding Window"
Longest Repeating Character Replacement,longest-repeating-character-replacement,python3,10,1752318889,"Hash Table,String,Sliding Window"
Longest Substring Without Repeating Characters,longest-substring-without-repeating-characters,python3,10,1752316067,"Hash Table,String,Sliding Window"
Best Time to Buy and Sell Stock,best-time-to-buy-and-sell-stock,python3,10,1752229180,"Array,Dynamic Programming"
Largest Rectangle in Histogram,largest-rectangle-in-histogram,python3,10,1752227821,"Array,Stack,Monotonic Stack"
Car Fleet,car-fleet,python3,10,1752169635,"Array,Stack,Sorting,Monotonic Stack"
Daily Temperatures,daily-temperatures,python3,10,1752167529,"Array,Stack,Monotonic Stack"
Valid Anagram,valid-anagram,python3,10,1752145923,"Hash Table,String,Sorting"
Binary Search,binary-search,python3,10,1751996161,"Array,Binary Search"
Min Stack,min-stack,python3,10,1751614705,"Stack,Design"
Evaluate Reverse Polish Notation,evaluate-reverse-polish-notation,python3,10,1751614669,"Array,Math,Stack"
Valid Parentheses,valid-parentheses,python3,10,1751611834,"String,Stack"
